restart,score,plaintext
0,-215.15842251088048,POHLVSPFUJEWKSTFSHXEFQGLHAAJPHP
1,-215.15842251088048,NHOZSJNAPUYQFJIAJOGYAKWZODDUNON
2,-188.1736702327651,EDRQOXEFTHUSPXGFXRBUFIYQRZZHERE
3,-151.11947865596866,ECRPZLEQNHAXBLUQLRWAQYMPRTTHERE
4,-215.15842251088048,LVINQGLRKEWUPGDRGIBWRAFNIZZELIL
5,-188.1736702327651,EKRNJAELWHQMBAYLARGQLPONRDDHERE
6,-215.15842251088048,JMPRYTJAZGOFKTCATPQOADERPXXGJPJ
7,-215.15842251088048,UPRLWVUXZFICAVDXVRGIXQYLRKKFURU
8,-151.11947865596866,ENRBIOEZAHWKQODZORCWZYVBRTTHERE
9,-208.05796925088183,RUJZVNRCAPTIONMCNJLTCYWZJBBPRJR
10,-151.11947865596866,EVRGNOEAFHMSZOWAORLMABQGRTTHERE
11,-208.05796925088183,YKOIBDYVMPLSJDEVDOWLVRTIONNPYOY
12,-215.15842251088048,FSTICMFXWEBRYMGXMTVBXOJITAAEFTF
13,-215.15842251088048,MGQVKBMZJRDXYBAZBQWDZETVQOORMQM
14,-188.1736702327651,ENRGLYESPHIWUYDSYRKISCXGRAAHERE
15,-188.1736702327651,EDRPYVEFWHQZIVMFVRKQFXSPRJJHERE
16,-163.3123329305225,BARHOMBWKXPGUMYWMRLPWITHREEXBRB
17,-188.1736702327651,EWRQYMEXJHSPVMUXMRBSXIOQRCCHERE
18,-208.05796925088183,UAHDRNUGQLTIONJGNHMTGSYDHXXLUHU
19,-208.1042309340841,HSFJKTHERCQBYTVETFLQEAPJFNNCHFH
20,-215.15842251088048,GZMSJBGNVXKLCBFNBMHKNYRSMAAXGMG
21,-215.15842251088048,JCNDXWJMTZOYGWKMWNSOMERDNFFZJNJ
22,-208.05796925088183,DWQNJRDTZSMUXRFTRQYMTIONQBBSDQD
23,-215.15842251088048,MPRXUAMEIGWLNAQEARSWEKCXRBBGMRM
24,-151.11947865596866,ENRVSMEPDHFBWMCPMROFPXKVRTTHERE
25,-215.15842251088048,FXEQVIFNWBMZYIANIEGMNPJQEKKBFEF
26,-215.15842251088048,TCZVLDTNMHPOYDWNDZEPNXQVZSSHTZT
27,-201.16984594358394,FDUVZXFIGHTYBXSIXUJTIONVUAAHFUF
28,-215.15842251088048,SXTJFYSHENZQOYPHYTMZHVUJTDDNSTS
29,-215.15842251088048,QSINEKQBRFTZVKYBKICTBWMNIJJFQIQ
30,-215.15842251088048,ZAKGXQZCPHOMNQUCQKROCSWGKVVHZKZ
31,-208.05796925088185,NKLTIONQXCJAYOMQOLPJQUFTLEECNLN
32,-208.05796925088183,UZMAHOUXKSRTIONXOMBRXGJAMVVSUMU
33,-215.15842251088048,XQTSNVXLFYRPAVWLVTBRLCESTMMYXTX
34,-151.11947865596866,EBRVZUECFHGQAUSCURNGCWYVRTTHERE
35,-151.11947865596866,EJRLZWEDPHFONWUDWRMFDVBLRTTHERE
36,-215.15842251088048,CHYBDGCIPXJAFGQIGYRJINLBYVVXCYC
37,-215.15842251088048,IFHVPWIUMAGQYWNUWHXGUJDVHSSAIHI
38,-183.3123329305225,XNWQEGXHUCTBVGJHGWITHFYQWMMCXWX
39,-188.1736702327651,ENROSBEIYHDMJBAIBRXDIWVORQQHERE
40,-215.15842251088048,FICOASFEJGULKSXESCMUERPOCZZGFCF
41,-188.1736702327651,EORSADEKZHMQVDFKDRUMKGPSRBBHERE
42,-215.15842251088048,LSJOGFLYQXBWUFHYFJPBYNKOJZZXLJL
43,-215.15842251088048,PHGWFJPSVKXYUJDSJGCXSNLWGBBKPGP
44,-176.2581413537261,BXCVGEBDOWITHERDECUIDAQVCLLWBCB
45,-215.15842251088048,CPFVXUCQGKMDTUHQUFLMQOYVFBBKCFC
46,-215.15842251088048,AURIWSAOYMBXPSVOSREBOJQIRCCMARA
47,-215.15842251088048,NVIUKZNOFYHMAZJOZISHOBQUIWWYNIN
48,-215.15842251088048,PNOAWCPDQRBTVCYDCOFBDXSAOJJRPOP
49,-183.31233293052253,SXWITHSKNEOLGHJKHWQOKFZIWCCESWS
50,-215.15842251088048,QSXRNDQVTZFEYDLVDXBFVOJRXMMZQXQ
51,-215.15842251088048,SGJCFUSAPZTYOUWAUJXTABNCJMMZSJS
52,-188.1736702327651,EVRUZDEYPHGWMDNYDRFGYILURCCHERE
53,-215.15842251088048,XVPRKCXLMJZBICTLCPAZLQERPSSJXPX
54,-215.15842251088048,SWVUQZSJHABDPZRJZVYBJGNUVMMASVS
55,-215.15842251088048,ZJTMPFZINRXQKFCIFTBXIGWMTDDRZTZ
56,-183.31233293052253,WBMGOEWITHUVPEDIEMAUIFYGMKKHWMW
57,-215.15842251088048,YTNFKMYJEDSWBMVJMNXSJZGFNIIDYNY
58,-183.31233293052253,GMTCEIGWYVPXKISWITHPWNFCTOOVGTG
59,-208.10423093408406,MKSWQUMHVATFNUCHUSDTHERWSXXAMSM
60,-215.15842251088048,KAZVBWKUOEFXLWPUWZRFUSTVZNNEKZK
61,-208.2702992035826,OEYZMAOGKQIUJAVGAYCIGHTZYSSQOYO
62,-215.15842251088048,EMIYWFESBPQUKFGSFIJQSVLYIZZPEIE
63,-208.05796925088183,OYNVSGOQDIJXMGZQGNUJQLCVNTTIONO
64,-215.15842251088048,MLQPDVMEUKBCZVREVQABEGYPQJJKMQM
65,-151.11947865596866,EQRNSKEGJHCDFKPGKRLCGIONRTTHERE
66,-215.15842251088048,DMKTRBDSWJOXVBQSBKFOSGYTKIIJDKD
67,-208.1042309340841,EFCLTHERBJMSQHYRHCUMROILCGGJECE
68,-215.15842251088048,IEPDAJIUCLSMHJWUJPNSUKVDPBBLIPI
69,-188.1736702327651,EPRUAVEDLHMJFVKDVRSMDYWURGGHERE
70,-215.15842251088048,CDXQPFCYRLMGKFBYFXZMYNWQXOOLCXC
71,-215.15842251088048,TXSPYITLWMCKRIQLISOCLGJPSFFMTST
72,-215.15842251088048,YKMPBRYEVTASCRWERMUAEGDPMQQTYMY
73,-215.15842251088048,JAHGLXJMDVSBIXZMXHWSMQFGHNNVJHJ
74,-208.2702992035826,EIGHTKEUPLXQAKYUKGZXUDJHGSSLEGE
75,-188.1736702327651,ELRIFDEKTHJOQDXKDRMJKNPIRUUHERE
76,-183.31233293052253,KOIYEWKDZMHSQWLDWITHDGJYICCMKIK
77,-183.31233293052253,KZMFAIKHQNDCWITHIMJDHOGFMXXNKMK
78,-215.15842251088048,ONBVDHOUZMEYAHQUHBFEUJSVBKKMOBO
79,-208.05796925088183,GVOZPIGTHQEULISTIONETDAZOYYQGOG
80,-208.10423093408406,SMEYVHSTKQUWPHXTHERUTLDYEFFQSES
81,-183.31233293052253,DFLKXPDZSWITHPJZPLCIZBGKLEEWDLD
82,-208.10423093408406,AXEHMJALWKVBDJZLJEYVLFTHERRKAEA
83,-176.2581413537261,VSMQDNVWITHERNJWNMOHWCXQMGGTVMV
84,-183.31233293052253,MEZNDHMGYLWITHBGHZOWGJPNZVVLMZM
85,-208.05796925088185,OMGJTIONRFHDYIVNIGSHNQXJGCCFOGO
86,-183.31233293052253,CFVSLBCWITHDOBAWBVKHWUMSVRRTCVC
87,-176.2581413537261,NDGSAENBMWITHERBEGKIBZYSGPPWNGN
88,-215.15842251088048,LWDMFULCVBAOSUJCUDHACPTMDEEBLDL
89,-215.15842251088048,THNPYMTEXIBKJMCEMNZBEFQPNSSITNT
90,-183.3123329305225,SGHTMYSVNXPDUYQVYHOPVWITHEEXSHS
91,-215.15842251088048,FRXVIAFYQLNOBAZYAXGNYWDVXJJLFXF
92,-215.15842251088048,DZXPNTDBWEYQFTCBTXGYBVSPXKKEDXD
93,-208.05796925088183,ORNKXAOCZIFUEADCANVFCBMKNTTIONO
94,-215.15842251088048,HSVYBNHOTRWMKNLONVAWOPUYVQQRHVH
95,-151.11947865596866,EFROPGEQKHZMYGCQGRWZQXLORTTHERE
96,-183.3123329305225,RXMDKSRICUWGASNISMJWITHDMQQURMR
97,-176.25814135372607,YUBRZFYTKPIOQFSTFBWITHERBCCPYBY
98,-215.15842251088048,QALJPZQMXOWNTZCMZLVWMESJLFFOQLQ
99,-208.10423093408406,ZOGFPYZHDQTWUYKHYGMTHERFGXXQZGZ
100,-208.05796925088183,JKNGQOJIWBSXUOTIONVSIYEGNDDBJNJ
101,-215.15842251088048,YHZLXVYNUBPRCVGNVZSPNMTLZAABYZY
102,-183.31233293052253,UMHJATUIXOPYDTWITHZPILGJHRROUHU
103,-215.15842251088048,WGBQZCWPXNMAUCSPCBIMPJEQBFFNWBW
104,-215.15842251088048,UMZCRLUDEWOAQLNDLZBODSYCZIIWUZU
105,-215.15842251088048,XBHYOMXRNAFPIMKRMHQFRCUYHSSAXHX
106,-215.15842251088048,VFRYSXVENPAJMXOEXRBAETWYRGGPVRV
107,-208.05796925088185,TIONRSTFUXBLESZFSOJBFQANOMMXTOT
108,-215.15842251088048,BYNKXIBCWLUQOIMCINDUCHAKNJJLBNB
109,-215.15842251088048,XNRLFBXGWTAUZBSGBRIAGPJLRMMTXRX
110,-215.15842251088048,LMOFHULCRKWNXUDCUOAWCBIFOZZKLOL
111,-183.31233293052253,ICJNBWITHMZSGWATWJUZTPFNJEEMIJI
112,-183.3123329305225,XFTIJBXRZLCDSBGRBTMCROWITHHLXTX
113,-215.15842251088048,EOSYLZEQRVXBDZTQZSKXQWCYSGGVESE
114,-215.15842251088048,SDAWJPSNRTVZLPINPABVNEGWACCTSAS
115,-188.1736702327651,EFRMXNEIAHDWYNVINRGDISBMRZZHERE
116,-151.11947865596866,ENRJQLEMYHAUDLGMLRFAMKBJRTTHERE
117,-215.15842251088048,OAPSLCOWXKJNUCQWCPMJWHGSPVVKOPO
118,-183.3123329305225,XGVNOEXTUPIJZEYTEVWITHKNVSSPXVX
119,-183.31233293052253,WARUBDWITHJMFDQIDRCJIXOURVVHWRW
120,-208.05796925088183,CJSPZDCOVGIQADUODSTIONLPSBBGCSC
121,-208.05796925088183,WZSNERWTUVCGARQTRSJCTIONSBBVWSW
122,-215.15842251088048,YVFXTQYWSAOCJQGWQFROWIMXFUUAYFY
123,-208.05796925088183,YLNCJOYIDPHGEOTIONKHISQCNAAPYNY
124,-215.15842251088048,ZTIUYKZVABQRXKCVKIPQVWSUINNBZIZ
125,-208.10423093408406,YJHCLTYWXFROUTDWTHERWZPCHVVFYHY
126,-208.10423093408406,XZLBGEXISDUTHERIELOUIJCBLMMDXLX
127,-208.10423093408406,WZCYFEWSAXDTHERSECMDSJUYCKKXWCW
128,-215.15842251088048,KWMCNZKQSUHFEZJQZMYHQXDCMPPUKMK
129,-188.1736702327651,EQRGXVEFJHAIZVYFVRCAFNSGRUUHERE
130,-215.15842251088048,INAGRJIZKVMUOJCZJABMZXPGAEEVIAI
131,-215.15842251088048,OFUCKSOVEDZQBSAVSUIZVHPCUTTDOUO
132,-215.15842251088048,WENVYGWSPAMTIGRSGNBMSULVNKKAWNW
133,-215.15842251088048,XLSCAFXOWMBZPFHOFSGBOIUCSKKMXSX
134,-215.15842251088048,XPBVJHXNKDQYWHENHBCQNLFVBOODXBX
135,-215.15842251088048,WFYBNHWLXSJZQHOLHYKJLPRBYAASWYW
136,-188.1736702327651,EPRCJMEFQHKVUMWFMRBKFONCRYYHERE
137,-215.15842251088048,COJRVFCDPXGWYFQDFJTGDKHRJUUXCJC
138,-151.11947865596866,EDRNPVEMKHWAIVBMVRZWMLCNRTTHERE
139,-215.15842251088048,RUFXALRPHWNOVLYPLFJNPQTXFKKWRFR
140,-215.15842251088048,YCNZGQYFIVJDHQAFQNKJFRUZNMMVYNY
141,-188.1736702327651,EXRLFNEZMHUKQNVZNRAUZBDLRWWHERE
142,-188.1736702327651,EMRPZKEGOHBSLKWGKRQBGCNPRDDHERE
143,-215.15842251088048,VBORTSVFJPNLQSAFSODNFWCROYYPVOV
144,-201.0037776740854,MXTHERMNQYOCJRSNRTIONVGHTBBYMTM
145,-215.15842251088048,EZORCVEAWUGXNVPAVOBGAIJROSSUEOE
146,-188.1736702327651,EQRAFMEYWHLVOMIYMRSLYCDARNNHERE
147,-208.05796925088183,YCIVUTYMARNEFTPMTIONMBWVIXXRYIY
148,-215.15842251088048,WOKPQZWBYULHAZTBZKVLBDEPKNNUWKW
149,-215.15842251088048,BKZXWJBOILGUQJSOJZFGOHEXZCCLBZB
150,-215.15842251088048,XQUWVFXEHIAMOFYEFUCAESPWUZZIXUX
151,-188.1736702327651,EFRNXQESIHCMDQKSQRLCSVBNRPPHERE
152,-188.1736702327651,EFRABDEUVHSOTDXUDRPSULKARQQHERE
153,-151.11947865596866,EPRNCQEOZHXDBQLOQRKXOVMNRTTHERE
154,-215.15842251088048,WDJBTKWSOCLRGKFSKJXLSNYBJHHCWJW
155,-208.10423093408406,CUEMJHCTDFOGVHZTHEROTXNMEKKFCEC
156,-208.05796925088183,XJIQGTXVKANRMTBVTIONVCFQISSAXIX
157,-215.15842251088048,SQCBLESFGWZONEUFECMZFHPBCTTWSCS
158,-215.15842251088048,TVWZLMTGPXBCAMYGMWNBGQKZWDDXTWT
159,-215.15842251088048,ZGHLTCZDWNRUJCPDCHORDYFLHXXNZHZ
160,-183.3123329305225,CJZHPFCWEYVMAFXWFZSVWITHZLLYCZC
161,-176.2581413537261,IKMJFWITHERCNWSTWMLRTUVJMYYEIMI
162,-183.31233293052253,IDCUPWITHZKYMWNTWCAKTQVUCBBZICI
163,-215.15842251088048,NQXWZMNDPLSTCMBDMXASDFVWXKKLNXN
164,-215.15842251088048,NAYBUCNQVERKZCSQCYFRQMLBYJJENYN
165,-163.3123329305225,GSRHAQGWVLPXJQUWQRCPWITHREELGRG
166,-215.15842251088048,PNHOIXPKVUQBDXAKXHZQKSWOHCCUPHP
167,-215.15842251088048,FJEPRWFQKAOGMWYQWETOQSUPEVVAFEF
168,-215.15842251088048,ZPKYJNZMLODQTNGMNKUDMRSYKHHOZKZ
169,-208.05796925088185,OEHATIONXPSZBIDNIHKSNQYAHCCPOHO
170,-215.15842251088048,GXCQYFGWAJHSBFZWFCUHWLTQCMMJGCG
171,-208.05796925088183,HATDCYHNBGOMZYFNYTIONJPDTXXGHTH
172,-215.15842251088048,KFWSNPKRYMDBTPORPWLDRVCSWZZMKWK
173,-208.2702992035826,NVDAJYNQPIGHTYUQYDMGQCRADBBINDN
174,-208.05796925088183,ZUOIFAZLBGDHJAPLAOKDLQTIONNGZOZ
175,-208.05796925088185,DWQURCDXTIONLCBXCQSOXJPUQVVIDQD
176,-215.15842251088048,UBOJNAUYSVZFLAXYAOCZYMEJOIIVUOU
177,-215.15842251088048,ZVJMYCZKHXTSUCOKCJNTKEQMJWWXZJZ
178,-208.2702992035826,YZGSFIYAEVTPNIDAIGHTALCSGUUVYGY
179,-208.10423093408406,KMSFCUKEJGHBDUVEUSTHERZFSPPGKSK
180,-215.15842251088048,FZTXPWFROASHUWDRWTVSRMJXTLLAFTF
181,-208.05796925088185,TIONFLTXKAUWMLYXLODUXJPNOGGATOT
182,-176.2581413537261,TLYFWITHERPQZICHIYSPHVOFYNNRTYT
183,-215.15842251088048,MOLUTAMGCDBKRAFGALZBGXEULWWDMLM
184,-215.15842251088048,BDKVGTBUCOMQLTPUTKAMUSEVKYYOBKB
185,-215.15842251088048,QPCVRLQDUTBZMLIDLCFBDAGVCOOTQCQ
186,-188.1736702327651,ECRIQVENGHPDFVBNVRSPNLAIRZZHERE
187,-208.05796925088185,OUDKTIONZFCYRIGNIDECNVLKDXXFODO
188,-188.1736702327651,EKRDXPEMGHFBVPZMPRNFMLCDROOHERE
189,-215.15842251088048,JKMSQUJAZCGBOUDAUMFGANWSMRRCJMJ
190,-208.2702992035826,USHGYCUEFLPOJCAECHKPEZIGHTTLUHU
191,-215.15842251088048,TVSXKPTCQZYOHPGCPSBYCUJXSLLZTST
192,-215.15842251088048,MEVLBSMPNCGQISYPSVWGPOHLVXXCMVM
193,-183.3123329305225,GXHTPUGAFORSVUCAUHMRAWITHJJOGHG
194,-208.05796925088183,BFIVATBQSRNXDTJQTIONQKPVIEERBIB
195,-215.15842251088048,KOSFECKHXDIMTCLHCSZIHBAFSQQDKSK
196,-215.15842251088048,CODJUBCQNXAHMBGQBDWAQPZJDEEXCDC
197,-208.10423093408406,THERPXTNSJQMVXANXEZQNFWREGGJTET
198,-215.15842251088048,SPVWUFSNRXILHFJNFVZINBOWVAAXSVS
199,-208.2702992035826,NVIGHTNJMAQULTFJTIZQJCDGIYYANIN
200,-188.1736702327651,EYRDNGECWHZFJGKCGRXZCBIDRLLHERE
201,-215.15842251088048,LKETCJLYWBZVXJIYJEFZYUATERRBLEL
202,-215.15842251088048,XLMKQHXZDRYUCHSZHMOYZWFKMNNRXMX
203,-188.1736702327651,EFROCMEKQHAWPMXKMRGAKDUORJJHERE
204,-208.05796925088183,ASZQPYAICBTMWYGIYZVTIONQZEEBAZA
205,-215.15842251088048,BVHWCNBIZUDPYNKINHLDIJMWHEEUBHB
206,-215.15842251088048,TQNDVRTBWELFPRYBRNXLBSUDNCCETNT
207,-215.15842251088048,ALNKQVAMTZGFUVBMVNSGMCEKNDDZANA
208,-195.15842251088048,JARHZXJCNOWMVXDCXRUWCKTHREEOJRJ
209,-215.15842251088048,OMJZHQOIBVSYEQWIQJLSIFCZJAAVOJO
210,-208.05796925088185,SJFBGLSXTIONQLMXLFKOXRUBFEEISFS
211,-215.15842251088048,KSVHBUKWNQIPZULWUVJIWGXHVCCQKVK
212,-215.15842251088048,HBZLJSHOPWKQRSYOSZMKOAFLZNNWHZH
213,-188.1736702327651,EBRLQYEZXHDPKYCZYRWDZGNLRJJHERE
214,-215.15842251088048,KTYPAJKRXCUEWJVRJYZURBIPYFFCKYK
215,-215.15842251088048,LPIDQXLAYUGBRXOAXIJGAFVDIWWULIL
216,-215.15842251088048,XPLNCDXIRMKSGDWIDLHKIVONLBBMXLX
217,-188.1736702327651,EMRDSCEQJHFPYCIQCRBFQOZDRNNHERE
218,-183.31233293052253,NKWITHNXQADFRHGXHWCDXOJIWBBANWN
219,-215.15842251088048,XNAHPIXOSWQCKIFOIADQOUYHAMMWXAX
220,-215.15842251088048,ZYEQRFZOKCIJPFVOFELIOWBQEDDCZEZ
221,-215.15842251088048,MEHVGDMQOCZAUDSQDHBZQKPVHYYCMHM
222,-215.15842251088048,KCQTDSKXFWIYGSJXSQRIXEZTQLLWKQK
223,-215.15842251088048,UCELKOUBPHTFGOYBOESTBXVLEDDHUEU
224,-183.31233293052253,OUWITHONAYZDVHCNHWKZNXRIWGGYOWO
225,-215.15842251088048,UXWJETUDQKROFTSDTWCRDZBJWAAKUWU
226,-215.15842251088048,NGJFVINEWPYAZICEIJMYEKLFJQQPNJN
227,-183.31233293052253,GWITHLGVZCOKPLQVLIEOVBNTIFFCGIG
228,-176.2581413537261,LKSFCRLNWITHERJNRSBTNPDFSUUILSL
229,-151.11947865596866,EDRVFBEPJHIZSBLPBRNIPUKVRTTHERE
230,-208.10423093408406,SQVYBESAZMPTHERAEVDPAJIYVOOMSVS
231,-215.15842251088048,XNZVLEXTUKBCQEMTEZOBTDFVZRRKXZX
232,-151.11947865596866,EURPQDECZHBOYDGCDRXBCIAPRTTHERE
233,-188.1736702327651,EURYFBEVWHSICBQVBRJSVDKYRPPHERE
234,-215.15842251088048,WQIFGJWLRKABZJVLJIXALMPFIUUKWIW
235,-215.15842251088048,JDGMEBJLKFYIQBULBGCYLWRMGOOFJGJ
236,-183.3123329305225,GPXCBJGIDAWOFJRIJXSWITHCXQQAGXG
237,-215.15842251088048,QYWRVKQIUTDESKLIKWCDIZARWXXTQWQ
238,-208.10423093408406,FLTHERFODZQAIRMORTXQOUCHTYYZFTF
239,-201.0037776740854,CDASKRCILBTHERJIRAMTIONSAPPBCAC
240,-188.1736702327651,ESRWJFEGKHQALFPGFRNQGBDWROOHERE
241,-215.15842251088048,JIVWKLJFDSYQOLMFLVZYFCRWVPPSJVJ
242,-176.2581413537261,RWITHERGLXSVZEFGEIMSGUKTIBBXRIR
243,-215.15842251088048,REYMDKRZLWVTGKUZKYAVZOJMYPPWRYR
244,-215.15842251088048,CJVSRWCMIKGDEWYMWVTGMUQSVLLKCVC
245,-183.3123329305225,SNLDXKSTABIMRKZTKLWITHODLGGBSLS
246,-208.05796925088185,VTIONFVPMLQXAFCPFIRQPJGOIEELVIV
247,-215.15842251088048,GUSZQAGLKWDFNARLASHDLTXZSVVWGSG
248,-176.25814135372607,BQREULBIDZWVCLSILROWITHERKKZBRB
249,-215.15842251088048,PYFCHLPXZNMVOLUXLFJMXRDCFWWNPFP
250,-176.2581413537261,EFWITHERPNVJMHXRHWUVRLZIWBBNEWE
251,-215.15842251088048,KYDBGNKURIZXJNFUNDEZUASBDPPIKDK
252,-215.15842251088048,UHAKEJULMVYQFJWLJAXYLCDKAZZVUAU
253,-183.3123329305225,ZGWEYFZHCNTQPFSHFWITHADEWVVNZWZ
254,-215.15842251088048,OUVIZDOFKXAMSDEFDVLAFWNIVPPXOVO
255,-215.15842251088048,HUMIYZHVGBADXZEVZMCAVKSIMWWBHMH
256,-188.1736702327651,ELROUWEDMHBCVWQDWRPBDNXORIIHERE
257,-208.05796925088183,PDNOGXPBQYLJFXSBXNELBTIONHHYPNP
258,-215.15842251088048,IQGSFOIZVKWUYOEZOGDWZAXSGMMKIGI
259,-188.1736702327651,EZRQPNECKHVBDNUCNRLVCIFQRGGHERE
260,-208.2702992035826,OUSKAPOJIGHTDPBJPSLHJXCKSFFGOSO
261,-188.1736702327651,ENRGWKEPFHYJOKZPKRBYPCUGRSSHERE
262,-208.05796925088185,DTIONADJQSVWCARJAIGVJFMOIZZSDID
263,-188.1736702327651,EJRUQSEDMHLVBSGDSRALDPIURKKHERE
264,-215.15842251088048,NSBCFRNUMPLQTRDURBWLUIACBKKPNBN
265,-215.15842251088048,GIAEBFGZDVXLKFSZFAOXZNHEAYYVGAG
266,-215.15842251088048,ZTBXPAZOFLCMDAHOABSCOKWXBNNLZBZ
267,-215.15842251088048,DCBUPVDGSFTQWVKGVBYTGAXUBOOFDBD
268,-215.15842251088048,JGPZQUJMWSDFAULMUPTDMHYZPRRSJPJ
269,-215.15842251088048,SJEOHTSFVBYMQTZFTEGYFCLOEUUBSES
270,-215.15842251088048,QNTAXGQBDFSEZGKBGTMSBJYATHHFQTQ
271,-151.11947865596866,EJRZSFEIGHYUBFAIFRLYIONZRTTHERE
272,-215.15842251088048,IYPWRBIDGKUTJBLDBPCUDOVWPMMKIPI
273,-176.25814135372607,FXRENLFIAMWJSLBILRZWITHERYYMFRF
274,-215.15842251088048,CVXIZQCLWONFBQALQXYNLJDIXSSOCXC
275,-188.1736702327651,EIRYKDEOUHMXPDZODRFMOVJYRWWHERE
276,-215.15842251088048,YEVPDKYFCMUJNKXFKVGUFLAPVTTMYVY
277,-208.05796925088183,LGKDZMLSFTIONMUSMKPISHVDKYYTLKL
278,-215.15842251088048,WTEAVNWSGQOHCNLSNEJOSPUAEBBQWEW
279,-215.15842251088048,EYMUAQEDXZGVNQWDQMTGDPBUMHHZEME
280,-151.11947865596866,EXRNDUEGVHQFYUMGURAQGIONRTTHERE
281,-215.15842251088048,PDVETYPJXQOZWYFJYVSOJNGEVLLQPVP
282,-183.31233293052253,WFNUYAWITHEGXACIANZEIDMUNKKHWNW
283,-188.1736702327651,EXROJYEKFHPIZYWKYRUPKVBORSSHERE
284,-215.15842251088048,YJLZGUYPBIQWKUVPULNQPXAZLMMIYLY
285,-215.15842251088048,XLPCBVXYURJFZVOYVPNJYEICPGGRXPX
286,-195.15842251088048,APRHSKAXWDGQVKNXKRLGXOTHREEDARA
287,-215.15842251088048,CVSQOECUYZTNFEDUESXTUKAQSLLZCSC
288,-208.10423093408406,SXWDJESKVLFTHERKEWUFKCGDWAALSWS
289,-208.05796925088183,DBYXANDRJMTIONZRNYHTRQFXYCCMDYD
290,-215.15842251088048,CALSIGCPJTERXGNPGLVEPDYSLQQTCLC
291,-215.15842251088048,NHPRCFNXGSMOVFZXFPBMXWKRPQQSNPN
292,-215.15842251088048,GTXJOFGBNCHUWFZBFXAHBSLJXDDCGXG
293,-208.05796925088183,JDQUFOJWKBETIONWOQSEWPYUQLLBJQJ
294,-208.10423093408406,OAHZDTOIQYRXJTBITHERIMUZHLLYOHO
295,-208.10423093408406,THERPGTUKFYXBGZUGEQYUWVRENNFTET
296,-208.05796925088183,VWOPYIVTDRKJBISTIONKTQEPOGGRVOV
297,-208.1042309340841,RMWTHERAXNCSDEQAEWJCAPLTWUUNRWR
298,-215.15842251088048,AWFUNXASQHVRZXMSXFYVSCBUFJJHAFA
299,-215.15842251088048,OSARMLOVWFBIGLYVLATBVPCRAEEFOAO
300,-151.11947865596866,EORIWJELDHAPVJNLJRFALBCIRTTHERE
301,-195.15842251088048,DNRHXIDVJCOPBIMVIRKOVGTHREECDRD
302,-215.15842251088048,JMIPZOJBRLHDVOKBOIYHBWXPIGGLJIJ
303,-183.31233293052253,KDIBCWKOPYHSVWROWITHOQUBIXXYKIK
304,-195.15842251088048,FPRHYLFGZJKISLNGLRQKGOTHREEJFRF
305,-151.11947865596866,EPRMLIEAUHVKXIGAIRCVAFJMRTTHERE
306,-215.15842251088048,ZOLVKSZARFDHQSXASLJDAUPVLIIFZLZ
307,-151.11947865596866,EWRQJUEYCHLMXUVYURDLYOZQRTTHERE
308,-215.15842251088048,AUMJWVAXYRINPVQXVMZIXFEJMOORAMA
309,-208.05796925088183,JWXGBUJICVTELUFIUXZTIONGXPPVJXJ
310,-188.1736702327651,EBRPKYEXDHOUWYQXYRIOXMFPRSSHERE
311,-215.15842251088048,SWYNTKSEAJVLHKCEKYFVEUDNYXXJSYS
312,-183.3123329305225,UOWSRKUHADTLVKYHKWITHGMSWFFDUWU
313,-215.15842251088048,UXCWJSUETABLVSMESCDBEGQWCZZAUCU
314,-215.15842251088048,MXOGNRMYLIJCPRHYROVJYAWGOZZIMOM
315,-215.15842251088048,UVYJDFULCMEATFOLFYXELSNJYZZMUYU
316,-208.05796925088185,JTIONAJXUDMYWARXAIBMXCSOILLDJIJ
317,-151.11947865596866,EFRDACENMHUKPCQNCRGUNISDRTTHERE
318,-176.2581413537261,HOGWITHERVNZKTFETGCNEAXWGPPVHGH
319,-208.10423093408406,QIYLMFQDJTHERFZDFYKHDOSLYVVTQYQ
320,-188.1736702327651,EARGMBEKFHIZQBUKBRLIKPVGRWWHERE
321,-215.15842251088048,YREGWJYQCZNISJXQJEMNQDUGEKKZYEY
322,-208.05796925088183,OFNBMVOKAIJXSVQKVNHJKRYBNTTIONO
323,-188.1736702327651,EVRNDBEIAHFUMBOIBRKFIWZNRPPHERE
324,-183.31233293052253,WOFVLJWITHAYXJGIJFZAIPSVFDDHWFW
325,-215.15842251088048,EGAIWLEPRZBYTLCPLAXBPSQIAOOZEAE
326,-215.15842251088048,BNHSQDBVZLKWEDPVDHAKVGCSHUULBHB
327,-215.15842251088048,YFJNDCYABPQGHCTACJVQAZLNJRRPYJY
328,-215.15842251088048,BXIVRJBTUCADKJSTJIPATQLVIZZCBIB
329,-183.3123329305225,RLWXFZRHUQTMAZVHZWITHKPXWSSQRWR
330,-208.05796925088183,AGSVXUAIEKTPYUWIUSDTIONVSQQKASA
331,-188.1736702327651,EBRIPVEJAHQGWVMJVRXQJFOIRNNHERE
332,-188.1736702327651,EGRJSKEUWHFINKMUKRYFUQDJRAAHERE
333,-183.3123329305225,GKBMLJGTZPIONJCTJBWITHUMBRRPGBG
334,-208.10423093408406,CKDPSHCRJGNZTHERHDUNRFQPDIIGCDC
335,-215.15842251088048,NEKVJFNXAZULRFMXFKPUXBOVKWWZNKN
336,-208.10423093408406,WONPBAWQLTHERAMQANJHQSXPNCCTWNW
337,-215.15842251088048,DUHTNJDAMKPQZJXAJHBPAOCTHRRKDHD
338,-151.11947865596866,EXRAVOEPGHBNCOUPORMBPDWARTTHERE
339,-188.1736702327651,EKROMQEFAHBJLQDFQRSBFCNORZZHERE
340,-215.15842251088048,INADMCIJFBGRQCEJCAUGJTPDAYYBIAI
341,-215.15842251088048,WYXDHOWUKJAPZOLUOXNAUSEDXBBJWXW
342,-183.3123329305225,RXDAZKRIBCWQOKLIKDUWITHADFFCRDR
343,-215.15842251088048,BGFZCIBJLSXEVINJIFWXJDUZFMMSBFB
344,-183.31233293052253,YPMULTYSZKEWITHSTMFESDXUMGGKYMY
345,-215.15842251088048,DYJVMZDFLNXSOZEFZJKXFCUVJAANDJD
346,-215.15842251088048,XTKWQYXLABCDSYRLYKVCLJEWKMMBXKX
347,-176.2581413537261,UMQDNZUWITHERZCWZQSHWKLDQAATUQU
348,-176.25814135372607,KUBRSZKTAVIXFZPTZBWITHERBLLVKBK
349,-215.15842251088048,TJUACMTSQGIEWMYSMUZISLXAUPPGTUT
350,-215.15842251088048,NZBLICNFVQTKECXFCBJTFAHLBDDQNBN
351,-215.15842251088048,DGSQJODATULYWOZAOSBLAEFQSPPUDSD
352,-215.15842251088048,BPZUCQBNSMYOXQGNQZVYNHEUZIIMBZB
353,-215.15842251088048,GUWHDBGCLQFMZBNCBWOFCRJHWXXQGWG
354,-208.05796925088183,MZTPBAMNRCOJDAUNATIONXYPTSSCMTM
355,-151.11947865596866,EIRGSPEULHDBAPXUPRFDUNVGRTTHERE
356,-215.15842251088048,OUQFLVOHYZJBGVXHVQPJHRWFQTTZOQO
357,-151.11947865596866,ESRYGIEBPHXZVIDBIROXBUAYRTTHERE
358,-215.15842251088048,IODZTHIPJYVRMHFPHDAVPSBZDKKYIDI
359,-188.1736702327651,EZRLBUEWPHANXUVWURKAWDQLRSSHERE
360,-215.15842251088048,ALFHKWANZEVPOWSNWFQVNYTHFDDEAFA
361,-208.05796925088183,KXGRLOKMEFSTIONMOGDSMUCRGBBFKGK
362,-215.15842251088048,POWCNFPMZLDSRFVMFWGDMBHCWXXLPWP
363,-215.15842251088048,JFPQIOJUZMTYXORUOPLTUKDQPBBMJPJ
364,-215.15842251088048,IXOTMBIZEFRPABGZBOKRZQWTOLLFIOI
365,-208.05796925088185,TUHKLJTIONYRQJFIJHAYIMPKHBBNTHT
366,-208.05796925088183,UJOKCIUTRGLWVIATIONLTPZKOYYGUOU
367,-215.15842251088048,GWCSRZGQFBDIHZLQZCPDQJKSCNNBGCG
368,-188.1736702327651,EDRJFXEQAHGBWXLQXRZGQUVJRIIHERE
369,-215.15842251088048,SCXBEUSIGTANZUKIUXMAIVQBXDDTSXS
370,-215.15842251088048,IFUDVGIMLCEJSGQMGUZEMWTDUAACIUI
371,-215.15842251088048,FDTEBSFVRQZCLSMVSTGZVYAETPPQFTF
372,-215.15842251088048,AIPJVWACYXLSEWZCWPBLCFRJPUUXAPA
373,-215.15842251088048,IUJXQVICLESWPVNCVJGSCZFXJTTEIJI
374,-176.2581413537261,TBGOWITHERUZPIFHIGKUHXAOGSSRTGT
375,-215.15842251088048,ORZQSCOYBENMPCWYCZINYDKQZVVEOZO
376,-208.05796925088183,EBOAQIETZXMRGICTIONMTJVAOUUXEOE
377,-215.15842251088048,UQDCXTUZGRLKNTSZTDPLZVWCDJJRUDU
378,-215.15842251088048,MOEYRSMZUTFWCSPZSEQFZJGYEDDTMEM
379,-183.31233293052253,HOCWITHLJMRSYTALTCBRLKPWCXXMHCH
380,-188.1736702327651,EKRJYDEFIHMPLDXFDRCMFBQJRSSHERE
381,-215.15842251088048,XHEKZUXLFMOSQUJLUETOLVBKEAAMXEX
382,-215.15842251088048,XZTKEQXFSWVUJQRFQTNVFIBKTAAWXTX
383,-188.1736702327651,EBRXNAEOYHSDGAMOARZSOCIXRPPHERE
384,-215.15842251088048,VSJRHGVXWCMBNGOXGJFMXAKRJLLCVJV
385,-215.15842251088048,LRCNGQLOIVPWEQZOQCUPOKXNCDDVLCL
386,-215.15842251088048,SZYKDJSLQTMUCJALJYNMLGXKYOOTSYS
387,-176.2581413537261,IUGNLWITHERDSWCTWGKRTXONGFFEIGI
388,-208.10423093408406,UYLPJRUVXNTHEROVRLZTVDQPLFFNULU
389,-188.1736702327651,EYRLNOEXFHMDVOPXORUMXJCLRBBHERE
390,-151.11947865596866,EJRLGSEBPHXYMSZBSRQXBFCLRTTHERE
391,-208.2702992035826,GVQFCIGHTBZJEIPHIQDZHYMFQKKBGQG
392,-215.15842251088048,BKGQOEBUNMFVHEDUEGWFUIJQGLLMBGB
393,-215.15842251088048,YPDMCZYGBAUNLZFGZDWUGRJMDVVAYDY
394,-215.15842251088048,KVHGCYKUQPAOLYJUYHFAURNGHIIPKHK
395,-188.1736702327651,EVRLIDEJPHBWGDYJDRNBJKCLRSSHERE
396,-215.15842251088048,BSMIUNBWVELCFNXWNMDLWRZIMAAEBMB
397,-215.15842251088048,XSWBERXKQVCILRFKRWMCKZABWGGVXWX
398,-215.15842251088048,GWBLVOGUYXJCPONUOBFJUMALBZZXGBG
399,-188.1736702327651,EBRMODEKWHJPGDSKDRVJKZUMRFFHERE
400,-188.1736702327651,EFRCUIEOQHJABIZOIRGJOXLCRPPHERE
401,-208.2702992035826,TLNIGHTYDCMZBHAYHNXMYRFINUUCTNT
402,-215.15842251088048,ZCGUJWZPLXFNVWAPWGIFPQEUGKKXZGZ
403,-215.15842251088048,DBUSQYDECGOILYJEYUMOEVWSUZZGDUD
404,-151.11947865596866,ECRLIWEDKHZGSWXDWRFZDVALRTTHERE
405,-215.15842251088048,HQDUPXHGMFCOIXNGXDJCGYRUDZZFHDH
406,-215.15842251088048,SIBZUGSFARMJCGTFGBEMFPDZBOORSBS
407,-188.1736702327651,EQRNKWEIOHBSYWAIWRGBIPFNRUUHERE
408,-151.11947865596866,EZRJNPEGIHKWLPAGPROKGFDJRTTHERE
409,-188.1736702327651,EFRAPSELUHJQKSYLSRDJLVBARXXHERE
410,-215.15842251088048,VIWDOHVYQNXAZHFYHWMXYBGDWUUNVWV
411,-215.15842251088048,CUVRADCJEKLYPDZJDVGLJNWRVOOKCVC
412,-215.15842251088048,ULCJNMUVXRZHGMDVMCBZVSYJCOORUCU
413,-215.15842251088048,CWMEBOCYXRZVDOAYOMQZYSJEMTTRCMC
414,-215.15842251088048,LVXYICLHMFBOJCPHCXEBHAKYXDDFLXL
415,-215.15842251088048,TGFEMYTSXPVWOYNSYFKVSRJEFUUPTFT
416,-215.15842251088048,JQMHXPJKIWAZFPNKPMGAKYDHMUUWJMJ
417,-215.15842251088048,XNOCWUXBAGKRQUZBUODKBEVCOMMGXOX
418,-183.31233293052253,JANOSFJEUWITHFKEFNYIEGQONDDWJNJ
419,-215.15842251088048,ZOFXKDZUIBSWPDLUDFQSUJGXFEEBZFZ
420,-188.1736702327651,EORAPMEBJHDCNMYBMRKDBVLARXXHERE
421,-215.15842251088048,LCAQYFLKUPSITFBKFAJSKVGQAEEPLAL
422,-188.1736702327651,EPRSVYELAHQGCYDLYRXQLUNSRKKHERE
423,-188.1736702327651,EMRDXLEPWHQZBLVPLRUQPNYDRJJHERE
424,-215.15842251088048,XOIFLMXYUVZDWMCYMIBZYSHFIAAVXIX
425,-215.15842251088048,QIKRMAQWCTGPZAXWAKOGWYVRKFFTQKQ
426,-215.15842251088048,SVPRGDSOUEQIXDNODPBQOCWRPAAESPS
427,-176.2581413537261,AKNOPUAWITHERUMWUNYHWGXONZZTANA
428,-215.15842251088048,WMLHVCWYOKJNRCQYCLGJYPIHLSSKWLW
429,-215.15842251088048,MXGPUYMRSACOBYERYGWCRDNPGTTAMGM
430,-208.2702992035826,NDCYSGNTJBZXIGHTGCUZTMKYCEEBNCN
431,-208.05796925088183,OBNECQOZJIDXAQHZQNGDZFKENTTIONO
432,-208.05796925088183,RUIZATREDFNKCTXETIONEYSZILLFRIR
433,-215.15842251088048,DEQKYFDIMZONUFAIFQLOIPBKQSSZDQD
434,-215.15842251088048,CAPUWYCMJHTEDYKMYPXTMLVUPNNHCPC
435,-215.15842251088048,XYAJPCXGZDVWTCEGCANVGLSJAUUDXAX
436,-215.15842251088048,IKXAGEIUJRLSDEWUEXOLUTVAXCCRIXI
437,-215.15842251088048,VGXRDKVBHLJCWKQBKXOJBPARXUULVXV
438,-176.2581413537261,LPOXJELSYWITHERSEODISCAXOGGWLOL
439,-176.2581413537261,WITHERWJAODNFRZJRTSDJXPHTVVOWTW
440,-215.15842251088048,FKBAUCFHJOSRGCXHCBTSHNPABQQOFBF
441,-215.15842251088048,BSXCPWBOYLADIWGOWXKAOHVCXZZLBXB
442,-188.1736702327651,EYRVIQEUJHPFMQXUQRZPUCDVRAAHERE
443,-215.15842251088048,SFRGIXSZUDTWKXLZXRCTZYMGRAADSRS
444,-151.11947865596866,ESRBXDEVCHKMLDUVDRAKVFYBRTTHERE
445,-215.15842251088048,MPCRLKMTQVGFWKITKCOGTEURCBBVMCM
446,-215.15842251088048,GNCDJBGQZSRKMBUQBCWRQXVDCTTSGCG
447,-215.15842251088048,WNPRMFWCZGKOQFVCFPSKCYARPLLGWPW
448,-215.15842251088048,NEMTWCNSDBGLXCRSCMAGSKFTMQQBNMN
449,-215.15842251088048,JXIFGKJUHDSWAKNUKICSUBMFIYYDJIJ
450,-215.15842251088048,MLNUPFMTWVSHZFJTFNOSTYBUNEEVMNM
451,-188.1736702327651,EORGLWESQHPUJWISWRAPSKVGRFFHERE
452,-215.15842251088048,MSAXVQMRUGOJZQBRQAFORPKXATTGMAM
453,-208.05796925088183,SXNOAFSJMLWYVFZJFNKWJTIONRRLSNS
454,-183.31233293052253,WITHMFWJASZKLFBJFTYZJCEHTGGSWTW
455,-215.15842251088048,IPFOHJIKASYCEJZKJFNYKMDOFUUSIFI
456,-215.15842251088048,ACZNWRABSQDOVRUBRZFDBJGNZTTQAZA
457,-215.15842251088048,AWBJKOACVPQZXOSCOBHQCGRJBLLPABA
458,-215.15842251088048,KCLBXMKZHSDTOMYZMLEDZPVBLFFSKLK
459,-215.15842251088048,KVELAHKSGQNWIHDSHECNSJMLEXXQKEK
460,-215.15842251088048,SPEIXNSKDWZUJNQKNEBZKHYIEOOWSES
461,-183.31233293052253,WITHMKWYGBVAEKNYKTZVYSOHTFFBWTW
462,-215.15842251088048,YDXFKSYENLMQRSBESXTMEUCFXGGLYXY
463,-215.15842251088048,POCEKMPZIVHXDMUZMCAHZLFECTTVPCP
464,-183.31233293052253,ISAUYWITHDEQXWKTWARETCNUAVVDIAI
465,-176.2581413537261,TCAMWITHERVNPISHIAZVHQYMAKKRTAT
466,-215.15842251088048,QPCAJTQMKUOVGTZMTCROMWHACBBUQCQ
467,-183.31233293052253,GYPAUIGHEVODWITHIPBOHJSAPFFVGPG
468,-208.2702992035826,ILSVYMIGHTDAOMCGMSQDGJPVSRRTISI
469,-215.15842251088048,BNRGCKBXQAZMDKLXKRJZXHVGRIIABRB
470,-208.2702992035826,MFTZLHMGRSOAKHIGHTBOGYPZTQQSMTM
471,-188.1736702327651,EURFAMESOHWDIMKSMRJWSCNFRYYHERE
472,-176.2581413537261,VXIDQWVEZMHULWSEWITHERADINNMVIV
473,-215.15842251088048,BAEGXLBDTFYCJLIDLEWYDZRGESSFBEB
474,-215.15842251088048,VRWXQDVJFYNIZDLJDWENJKMXWOOYVWV
475,-195.15842251088048,LFRHVALQKCDJPAXQARYDQZTHREECLRL
476,-215.15842251088048,ECTQIKEJBFUADKYJKTMUJRZQTGGFETE
477,-215.15842251088048,EGBWLZECYSFTUZACZBRFCMXWBNNSEBE
478,-188.1736702327651,EGRPMUEVSHCYAUDVURLCVZFPRNNHERE
479,-151.11947865596866,ECRFVMEIJHNBOMXIMRUNIDLFRTTHERE
480,-215.15842251088048,ZWQYAMZPOCVTUMFPMQGVPXEYQKKCZQZ
481,-215.15842251088048,HCVUDKHPFBANIKYPKVXAPWGUVRRBHVH
482,-183.31233293052253,GQHRNTGIOJPCYTWITHXPIVFRHDDJGHG
483,-215.15842251088048,SLPYGZSJBUQKXZAJZPOQJRTYPMMUSPS
484,-215.15842251088048,DRAXIPDNBULGMPQNPAVLNJWXAFFUDAD
485,-188.1736702327651,EQRFPIEDBHCWAIKDIRUCDNGFRJJHERE
486,-215.15842251088048,VECDKAVMGJRTBAWMACNRMFSDCPPJVCV
487,-151.11947865596866,EURGLCEOPHIJZCYOCRKIONMGRTTHERE
488,-188.1736702327651,EIRUZBEAOHGXNBCABRVGAJQURSSHERE
489,-208.05796925088183,FVSPHDFIKYTAUDLIDSRTIONPSMMYFSF
490,-215.15842251088048,HDCOBVHESGZJYVPEVCFZEQXOCKKGHCH
491,-215.15842251088048,ERGVPTEDLNSQXTBDTGUSDJFVGIINEGE
492,-215.15842251088048,JZQILSJYAMCBNSDYSQVCYEGIQTTMJQJ
493,-188.1736702327651,EPRSMNEXWHKZONAXNRDKXCQSRBBHERE
494,-215.15842251088048,KQXEJTKBNOYUHTCBTXLYBMWEXVVOKXK
495,-215.15842251088048,WXIUARWMPZQHGRYMRIJQMOBUILLZWIW
496,-183.31233293052253,KAWITHKZSUBGRHDZHWFBZQJIWOOUKWK
497,-188.1736702327651,EARNGKEJPHLBTKOJKRVLJSINRQQHERE
498,-215.15842251088048,TVWJFKTZLOCUGKHZKWSCZDNJWXXOTWT
499,-208.2702992035826,TOLIGHTKAZCYQHJKHLUCKPSILEEZTLT
